{
  "benchmark": "buffer_sample_b256",
  "batch_size": 256,
  "buffer_size": 100000,
  "correctness_passed": true,
  "rlox": {
    "median_ns": 5708.5,
    "mean_ns": 5982.49,
    "min_ns": 4000.0,
    "max_ns": 10625.0,
    "p25_ns": 4958.0,
    "p75_ns": 6916.75,
    "p99_ns": 9016.25000000001,
    "iqr_ns": 1958.75,
    "n_samples": 100,
    "times_ns": [
      9000.0,
      8250.0,
      8500.0,
      8416.0,
      8125.0,
      8042.0,
      8334.0,
      7583.0,
      7666.0,
      7542.0,
      8166.0,
      7208.0,
      7458.0,
      7666.0,
      7791.0,
      7375.0,
      7542.0,
      7417.0,
      7125.0,
      6833.0,
      6875.0,
      7209.0,
      6541.0,
      7583.0,
      7833.0,
      7542.0,
      6625.0,
      6584.0,
      7042.0,
      6792.0,
      6292.0,
      6167.0,
      6375.0,
      6209.0,
      5667.0,
      5958.0,
      6542.0,
      5917.0,
      6375.0,
      6208.0,
      5833.0,
      5917.0,
      5959.0,
      6084.0,
      5625.0,
      5875.0,
      5625.0,
      6041.0,
      5625.0,
      5709.0,
      6000.0,
      5375.0,
      5833.0,
      5292.0,
      6125.0,
      4625.0,
      5416.0,
      4500.0,
      5708.0,
      5416.0,
      10625.0,
      5083.0,
      5166.0,
      4250.0,
      5000.0,
      5292.0,
      4708.0,
      4458.0,
      4500.0,
      5583.0,
      4917.0,
      5209.0,
      4958.0,
      4792.0,
      5417.0,
      5417.0,
      5208.0,
      4958.0,
      5125.0,
      4958.0,
      5041.0,
      4958.0,
      4583.0,
      4834.0,
      4500.0,
      4500.0,
      4958.0,
      4292.0,
      4209.0,
      4625.0,
      4584.0,
      4583.0,
      4417.0,
      4958.0,
      4667.0,
      4625.0,
      4458.0,
      4417.0,
      4458.0,
      4000.0
    ]
  },
  "sb3": {
    "median_ns": 31896.0,
    "mean_ns": 34122.9,
    "min_ns": 27084.0,
    "max_ns": 56000.0,
    "p25_ns": 30104.25,
    "p75_ns": 35541.75,
    "p99_ns": 49523.420000000035,
    "iqr_ns": 5437.5,
    "n_samples": 100,
    "times_ns": [
      56000.0,
      49458.0,
      47291.0,
      48375.0,
      45375.0,
      46333.0,
      44625.0,
      44167.0,
      46041.0,
      44416.0,
      46334.0,
      41458.0,
      42042.0,
      44666.0,
      41625.0,
      44542.0,
      41500.0,
      37709.0,
      35500.0,
      43833.0,
      36792.0,
      42958.0,
      36250.0,
      34583.0,
      34167.0,
      35667.0,
      30791.0,
      31875.0,
      32041.0,
      30959.0,
      30958.0,
      31792.0,
      32708.0,
      33959.0,
      32959.0,
      33791.0,
      35292.0,
      32916.0,
      33334.0,
      34166.0,
      33375.0,
      30375.0,
      29583.0,
      30042.0,
      32625.0,
      32125.0,
      32167.0,
      33334.0,
      38708.0,
      33334.0,
      32584.0,
      33083.0,
      31000.0,
      32625.0,
      33291.0,
      31250.0,
      31500.0,
      29125.0,
      28292.0,
      28875.0,
      31625.0,
      31917.0,
      29334.0,
      32208.0,
      30958.0,
      30458.0,
      31167.0,
      29042.0,
      31291.0,
      31292.0,
      30125.0,
      29625.0,
      30125.0,
      27792.0,
      27833.0,
      28167.0,
      30791.0,
      32417.0,
      31167.0,
      30000.0,
      36166.0,
      31375.0,
      30875.0,
      31250.0,
      31250.0,
      29500.0,
      31000.0,
      30041.0,
      29750.0,
      27833.0,
      27084.0,
      27417.0,
      29250.0,
      31041.0,
      28167.0,
      29500.0,
      28750.0,
      29375.0,
      29333.0,
      29458.0
    ]
  },
  "speedup_vs_sb3": 5.587457300516773
}