{
  "benchmark": "buffer_sample_b64",
  "batch_size": 64,
  "buffer_size": 100000,
  "correctness_passed": true,
  "rlox": {
    "median_ns": 2395.5,
    "mean_ns": 2424.89,
    "min_ns": 1791.0,
    "max_ns": 3667.0,
    "p25_ns": 2208.0,
    "p75_ns": 2625.0,
    "p99_ns": 3377.9200000000014,
    "iqr_ns": 417.0,
    "n_samples": 100,
    "times_ns": [
      3667.0,
      3375.0,
      2917.0,
      2833.0,
      2834.0,
      2875.0,
      3084.0,
      3000.0,
      2833.0,
      2750.0,
      2750.0,
      2625.0,
      2791.0,
      2750.0,
      2709.0,
      2875.0,
      2625.0,
      2625.0,
      2708.0,
      2625.0,
      2666.0,
      2708.0,
      2416.0,
      2875.0,
      2625.0,
      2375.0,
      2541.0,
      2416.0,
      2792.0,
      2709.0,
      2542.0,
      2500.0,
      2459.0,
      2583.0,
      2375.0,
      2416.0,
      2458.0,
      2542.0,
      2500.0,
      2375.0,
      2375.0,
      2416.0,
      2333.0,
      2500.0,
      2291.0,
      2375.0,
      2417.0,
      2416.0,
      2416.0,
      2416.0,
      2500.0,
      2334.0,
      2292.0,
      2250.0,
      2541.0,
      2375.0,
      2125.0,
      2208.0,
      2458.0,
      2125.0,
      2541.0,
      2417.0,
      2208.0,
      2166.0,
      2250.0,
      2209.0,
      2041.0,
      2333.0,
      2333.0,
      2333.0,
      2166.0,
      2458.0,
      2458.0,
      2041.0,
      2250.0,
      2333.0,
      2250.0,
      2208.0,
      2041.0,
      2000.0,
      2250.0,
      2042.0,
      1959.0,
      2083.0,
      2000.0,
      2125.0,
      2041.0,
      2125.0,
      1917.0,
      2166.0,
      2291.0,
      1791.0,
      2084.0,
      2250.0,
      2167.0,
      2125.0,
      2292.0,
      2333.0,
      2125.0,
      2000.0
    ]
  },
  "sb3": {
    "median_ns": 26354.0,
    "mean_ns": 26869.19,
    "min_ns": 22667.0,
    "max_ns": 37750.0,
    "p25_ns": 25646.25,
    "p75_ns": 27771.0,
    "p99_ns": 33748.42000000002,
    "iqr_ns": 2124.75,
    "n_samples": 100,
    "times_ns": [
      32584.0,
      29583.0,
      29416.0,
      29541.0,
      29084.0,
      29083.0,
      29875.0,
      28833.0,
      28458.0,
      28958.0,
      28667.0,
      28333.0,
      28333.0,
      37750.0,
      28167.0,
      28167.0,
      28167.0,
      28292.0,
      27959.0,
      28375.0,
      28209.0,
      27209.0,
      27667.0,
      28250.0,
      27625.0,
      27375.0,
      27834.0,
      27750.0,
      27583.0,
      27291.0,
      27083.0,
      27250.0,
      27250.0,
      26750.0,
      26584.0,
      27750.0,
      27459.0,
      26875.0,
      26292.0,
      26333.0,
      26667.0,
      26750.0,
      26583.0,
      26375.0,
      26750.0,
      26292.0,
      26708.0,
      26167.0,
      26250.0,
      33292.0,
      26666.0,
      25959.0,
      26583.0,
      26292.0,
      26458.0,
      26000.0,
      26083.0,
      25458.0,
      26083.0,
      25208.0,
      26125.0,
      26000.0,
      25583.0,
      25584.0,
      25791.0,
      25750.0,
      24833.0,
      25750.0,
      25875.0,
      25708.0,
      25000.0,
      25417.0,
      25125.0,
      25709.0,
      25125.0,
      26167.0,
      25959.0,
      26333.0,
      26000.0,
      26625.0,
      25875.0,
      25500.0,
      25917.0,
      25667.0,
      25291.0,
      24833.0,
      25208.0,
      33708.0,
      25542.0,
      25167.0,
      24959.0,
      24459.0,
      25209.0,
      25291.0,
      25417.0,
      24541.0,
      22667.0,
      22750.0,
      22875.0,
      24916.0
    ]
  },
  "speedup_vs_sb3": 11.001461072844917
}