{
  "benchmark": "buffer_sample_b32",
  "batch_size": 32,
  "buffer_size": 100000,
  "correctness_passed": true,
  "rlox": {
    "median_ns": 1583.5,
    "mean_ns": 1594.57,
    "min_ns": 1333.0,
    "max_ns": 2041.0,
    "p25_ns": 1500.0,
    "p75_ns": 1667.0,
    "p99_ns": 1958.8300000000004,
    "iqr_ns": 167.0,
    "n_samples": 100,
    "times_ns": [
      1958.0,
      2041.0,
      1791.0,
      1666.0,
      1750.0,
      1917.0,
      1667.0,
      1625.0,
      1791.0,
      1708.0,
      1458.0,
      1709.0,
      1708.0,
      1667.0,
      1792.0,
      1792.0,
      1666.0,
      1375.0,
      1583.0,
      1542.0,
      1500.0,
      1667.0,
      1584.0,
      1625.0,
      1792.0,
      1750.0,
      1500.0,
      1667.0,
      1584.0,
      1625.0,
      1916.0,
      1500.0,
      1541.0,
      1459.0,
      1667.0,
      1583.0,
      1542.0,
      1584.0,
      1625.0,
      1541.0,
      1625.0,
      1334.0,
      1625.0,
      1500.0,
      1666.0,
      1458.0,
      1500.0,
      1584.0,
      1625.0,
      1541.0,
      1458.0,
      1666.0,
      1666.0,
      1500.0,
      1667.0,
      1584.0,
      1458.0,
      1542.0,
      1542.0,
      1583.0,
      1583.0,
      1708.0,
      1542.0,
      1459.0,
      1584.0,
      1459.0,
      1458.0,
      1708.0,
      1667.0,
      1500.0,
      1542.0,
      1500.0,
      1500.0,
      1375.0,
      1459.0,
      1417.0,
      1542.0,
      1417.0,
      1667.0,
      1542.0,
      1417.0,
      1708.0,
      1792.0,
      1666.0,
      1541.0,
      1750.0,
      1667.0,
      1458.0,
      1333.0,
      1541.0,
      1666.0,
      1541.0,
      1500.0,
      1667.0,
      1542.0,
      1625.0,
      1583.0,
      1416.0,
      1333.0,
      1500.0
    ]
  },
  "sb3": {
    "median_ns": 26375.0,
    "mean_ns": 26828.29,
    "min_ns": 22041.0,
    "max_ns": 42209.0,
    "p25_ns": 24989.75,
    "p75_ns": 27426.5,
    "p99_ns": 40269.59000000001,
    "iqr_ns": 2436.75,
    "n_samples": 100,
    "times_ns": [
      27167.0,
      27166.0,
      26041.0,
      26625.0,
      25708.0,
      26958.0,
      25708.0,
      25375.0,
      27041.0,
      27416.0,
      25792.0,
      27209.0,
      28458.0,
      27667.0,
      27375.0,
      28541.0,
      27625.0,
      28291.0,
      26584.0,
      35333.0,
      27916.0,
      27875.0,
      27625.0,
      27292.0,
      28417.0,
      27125.0,
      24334.0,
      23625.0,
      24917.0,
      25458.0,
      25625.0,
      25375.0,
      27875.0,
      27334.0,
      26041.0,
      26084.0,
      26833.0,
      28083.0,
      26334.0,
      28083.0,
      26125.0,
      27458.0,
      27750.0,
      29084.0,
      26416.0,
      23041.0,
      24083.0,
      40250.0,
      26000.0,
      24959.0,
      24416.0,
      25208.0,
      25750.0,
      26875.0,
      27083.0,
      26625.0,
      42209.0,
      24791.0,
      25125.0,
      24916.0,
      24375.0,
      24167.0,
      25000.0,
      25000.0,
      25041.0,
      25000.0,
      22833.0,
      23500.0,
      23625.0,
      25042.0,
      24584.0,
      27042.0,
      27000.0,
      27125.0,
      35375.0,
      26500.0,
      23792.0,
      23959.0,
      28166.0,
      25916.0,
      27875.0,
      26209.0,
      33750.0,
      22959.0,
      22041.0,
      22458.0,
      24292.0,
      24959.0,
      27000.0,
      27375.0,
      35291.0,
      24917.0,
      23958.0,
      25708.0,
      32834.0,
      27208.0,
      25708.0,
      27250.0,
      34709.0,
      24791.0
    ]
  },
  "speedup_vs_sb3": 16.65614145879381
}