{
  "benchmark": "buffer_sample_b1024",
  "batch_size": 1024,
  "buffer_size": 100000,
  "correctness_passed": true,
  "rlox": {
    "median_ns": 9792.0,
    "mean_ns": 10428.32,
    "min_ns": 9375.0,
    "max_ns": 15709.0,
    "p25_ns": 9583.0,
    "p75_ns": 10728.75,
    "p99_ns": 15254.590000000002,
    "iqr_ns": 1145.75,
    "n_samples": 100,
    "times_ns": [
      15709.0,
      15250.0,
      13625.0,
      14334.0,
      13875.0,
      13416.0,
      13458.0,
      13167.0,
      12750.0,
      11958.0,
      12291.0,
      12875.0,
      12042.0,
      11750.0,
      11458.0,
      11500.0,
      11292.0,
      11708.0,
      10833.0,
      11250.0,
      10791.0,
      10416.0,
      10791.0,
      10208.0,
      10666.0,
      10792.0,
      10708.0,
      10916.0,
      10167.0,
      10292.0,
      10000.0,
      10125.0,
      10041.0,
      10333.0,
      10000.0,
      9917.0,
      9709.0,
      10042.0,
      10125.0,
      10042.0,
      9917.0,
      9917.0,
      9959.0,
      9916.0,
      9792.0,
      9792.0,
      9834.0,
      9833.0,
      9542.0,
      9625.0,
      9917.0,
      9584.0,
      9542.0,
      9792.0,
      9750.0,
      9625.0,
      9666.0,
      9459.0,
      9750.0,
      9541.0,
      9583.0,
      9583.0,
      9625.0,
      9625.0,
      9417.0,
      9667.0,
      14416.0,
      9750.0,
      9583.0,
      9625.0,
      9583.0,
      9583.0,
      9583.0,
      9500.0,
      9417.0,
      9708.0,
      9584.0,
      9750.0,
      9583.0,
      9584.0,
      9625.0,
      9500.0,
      9541.0,
      9709.0,
      9375.0,
      9500.0,
      9500.0,
      9542.0,
      9458.0,
      9416.0,
      9583.0,
      9708.0,
      9667.0,
      9500.0,
      9375.0,
      9542.0,
      9583.0,
      9792.0,
      9375.0,
      9417.0
    ]
  },
  "sb3": {
    "median_ns": 56854.0,
    "mean_ns": 57545.85,
    "min_ns": 45208.0,
    "max_ns": 75709.0,
    "p25_ns": 54395.5,
    "p75_ns": 60374.75,
    "p99_ns": 70428.34000000003,
    "iqr_ns": 5979.25,
    "n_samples": 100,
    "times_ns": [
      67042.0,
      66166.0,
      65584.0,
      61375.0,
      63000.0,
      61750.0,
      61541.0,
      62375.0,
      61917.0,
      75709.0,
      65542.0,
      66042.0,
      67041.0,
      65084.0,
      56208.0,
      54792.0,
      55500.0,
      57834.0,
      52583.0,
      50417.0,
      57333.0,
      53500.0,
      54875.0,
      56167.0,
      60958.0,
      59834.0,
      60333.0,
      56042.0,
      56458.0,
      60709.0,
      60708.0,
      57625.0,
      54959.0,
      54292.0,
      55916.0,
      60167.0,
      54917.0,
      60500.0,
      58166.0,
      57167.0,
      51917.0,
      50708.0,
      55584.0,
      62916.0,
      60667.0,
      60042.0,
      61375.0,
      58416.0,
      56750.0,
      52916.0,
      53916.0,
      53709.0,
      56958.0,
      58000.0,
      54334.0,
      53708.0,
      54959.0,
      54416.0,
      53416.0,
      48917.0,
      56250.0,
      62291.0,
      57000.0,
      53417.0,
      57291.0,
      58959.0,
      56125.0,
      58000.0,
      53750.0,
      56708.0,
      54167.0,
      51250.0,
      59834.0,
      55625.0,
      53958.0,
      61292.0,
      53333.0,
      53125.0,
      51417.0,
      70375.0,
      57375.0,
      57000.0,
      57500.0,
      56709.0,
      53583.0,
      50458.0,
      56375.0,
      58084.0,
      58750.0,
      55708.0,
      58125.0,
      55833.0,
      58458.0,
      48667.0,
      45208.0,
      55500.0,
      64166.0,
      56334.0,
      56125.0,
      58708.0
    ]
  },
  "speedup_vs_sb3": 5.806168300653595
}