{
  "benchmark": "e2e_16x128",
  "n_envs": 16,
  "n_steps": 128,
  "total_transitions": 2048,
  "correctness_passed": true,
  "rlox": {
    "median_ns": 52715145.5,
    "mean_ns": 52852016.5,
    "min_ns": 51538208.0,
    "max_ns": 54312500.0,
    "p25_ns": 52236427.0,
    "p75_ns": 53381083.5,
    "p99_ns": 54278596.19,
    "iqr_ns": 1144656.5,
    "n_samples": 10,
    "times_ns": [
      51538208.0,
      53509375.0,
      52630291.0,
      52800000.0,
      53935791.0,
      54312500.0,
      52140583.0,
      52996209.0,
      52144250.0,
      52512958.0
    ]
  },
  "rlox_steps_per_second": 38850.31484926851,
  "sb3": {
    "median_ns": 14570104.5,
    "mean_ns": 14509820.9,
    "min_ns": 14079834.0,
    "max_ns": 14742209.0,
    "p25_ns": 14512895.75,
    "p75_ns": 14640083.75,
    "p99_ns": 14733688.88,
    "iqr_ns": 127188.0,
    "n_samples": 10,
    "times_ns": [
      14742209.0,
      14647541.0,
      14566292.0,
      14541458.0,
      14503375.0,
      14166416.0,
      14079834.0,
      14635583.0,
      14641584.0,
      14573917.0
    ]
  },
  "speedup_vs_sb3": 0.2763931382869843,
  "system": {
    "timestamp": "2026-03-18T20:26:30",
    "platform": "Linux-6.12.54-linuxkit-aarch64-with-glibc2.36",
    "os": "Linux",
    "python_version": "3.12.13",
    "cpu": "aarch64",
    "cpu_count_logical": 14,
    "numpy_version": "1.26.4",
    "torch_version": "2.5.1",
    "cuda_available": false,
    "rlox_available": true,
    "rlox_version": "0.2.3",
    "stable_baselines3_version": "2.7.1",
    "torchrl_version": "0.11.1",
    "gymnasium_version": "1.2.3"
  }
}