{
  "benchmark": "e2e_64x512",
  "n_envs": 64,
  "n_steps": 512,
  "total_transitions": 32768,
  "correctness_passed": true,
  "rlox": {
    "median_ns": 377693583.5,
    "mean_ns": 372826537.5,
    "min_ns": 327574459.0,
    "max_ns": 390473209.0,
    "p25_ns": 369073333.25,
    "p75_ns": 381225114.25,
    "p99_ns": 390144555.19,
    "iqr_ns": 12151781.0,
    "n_samples": 10,
    "times_ns": [
      376953875.0,
      327574459.0,
      386821500.0,
      371595458.0,
      366801416.0,
      379619083.0,
      390473209.0,
      381760458.0,
      378433292.0,
      368232625.0
    ]
  },
  "rlox_steps_per_second": 86758.15907791296,
  "sb3": {
    "median_ns": 192015354.5,
    "mean_ns": 192048520.9,
    "min_ns": 190871375.0,
    "max_ns": 193760833.0,
    "p25_ns": 191633395.75,
    "p75_ns": 192435521.0,
    "p99_ns": 193663179.31,
    "iqr_ns": 802125.25,
    "n_samples": 10,
    "times_ns": [
      191996917.0,
      191886958.0,
      192675792.0,
      192539542.0,
      192033792.0,
      193760833.0,
      191548875.0,
      191047667.0,
      192123458.0,
      190871375.0
    ]
  },
  "speedup_vs_sb3": 0.508389241672145,
  "system": {
    "timestamp": "2026-03-18T20:26:36",
    "platform": "Linux-6.12.54-linuxkit-aarch64-with-glibc2.36",
    "os": "Linux",
    "python_version": "3.12.13",
    "cpu": "aarch64",
    "cpu_count_logical": 14,
    "numpy_version": "1.26.4",
    "torch_version": "2.5.1",
    "cuda_available": false,
    "rlox_available": true,
    "rlox_version": "0.2.3",
    "stable_baselines3_version": "2.7.1",
    "torchrl_version": "0.11.1",
    "gymnasium_version": "1.2.3"
  }
}