{
  "benchmark": "gae_512",
  "n_steps": 512,
  "correctness_passed": true,
  "rlox": {
    "median_ns": 1625.0,
    "mean_ns": 1698.28,
    "min_ns": 1250.0,
    "max_ns": 12625.0,
    "p25_ns": 1333.0,
    "p75_ns": 1750.0,
    "p99_ns": 2353.750000000053,
    "iqr_ns": 417.0,
    "n_samples": 100,
    "times_ns": [
      1458.0,
      1833.0,
      1292.0,
      1292.0,
      1792.0,
      1333.0,
      1292.0,
      1292.0,
      1750.0,
      1291.0,
      1750.0,
      1333.0,
      2000.0,
      1625.0,
      2209.0,
      1625.0,
      1625.0,
      1458.0,
      1708.0,
      2167.0,
      1625.0,
      1708.0,
      1667.0,
      1625.0,
      1667.0,
      1750.0,
      1666.0,
      1666.0,
      2208.0,
      1667.0,
      1625.0,
      1625.0,
      2208.0,
      1625.0,
      1625.0,
      2167.0,
      1708.0,
      1583.0,
      2250.0,
      1583.0,
      2125.0,
      1666.0,
      1625.0,
      1625.0,
      1500.0,
      2166.0,
      1625.0,
      1625.0,
      1709.0,
      1583.0,
      12625.0,
      1917.0,
      1708.0,
      1709.0,
      1375.0,
      1750.0,
      1292.0,
      1291.0,
      1708.0,
      1292.0,
      1333.0,
      1292.0,
      1333.0,
      1292.0,
      1333.0,
      1292.0,
      1375.0,
      1292.0,
      1750.0,
      1250.0,
      1792.0,
      1292.0,
      1334.0,
      1750.0,
      1250.0,
      1291.0,
      1750.0,
      1458.0,
      1375.0,
      1333.0,
      1292.0,
      1750.0,
      1292.0,
      1750.0,
      1333.0,
      1750.0,
      1750.0,
      1333.0,
      1291.0,
      1750.0,
      1291.0,
      1291.0,
      1333.0,
      1333.0,
      1750.0,
      1333.0,
      1708.0,
      1667.0,
      1625.0,
      1750.0
    ]
  },
  "numpy": {
    "median_ns": 165063.0,
    "mean_ns": 167170.85,
    "min_ns": 150625.0,
    "max_ns": 238750.0,
    "p25_ns": 164322.5,
    "p75_ns": 167687.25,
    "p99_ns": 196221.58000000022,
    "iqr_ns": 3364.75,
    "n_samples": 100,
    "times_ns": [
      159000.0,
      158083.0,
      150625.0,
      159084.0,
      163000.0,
      165084.0,
      165000.0,
      165958.0,
      157333.0,
      164542.0,
      164875.0,
      163125.0,
      164584.0,
      164542.0,
      161167.0,
      164750.0,
      164333.0,
      174500.0,
      166833.0,
      165875.0,
      161208.0,
      164958.0,
      169167.0,
      171458.0,
      166583.0,
      165750.0,
      166625.0,
      169042.0,
      166791.0,
      172708.0,
      167583.0,
      163541.0,
      163541.0,
      163875.0,
      163542.0,
      167500.0,
      163417.0,
      163167.0,
      163417.0,
      163417.0,
      163500.0,
      179166.0,
      165709.0,
      165500.0,
      165667.0,
      165458.0,
      165250.0,
      169791.0,
      165709.0,
      165833.0,
      165792.0,
      165542.0,
      165334.0,
      181917.0,
      195792.0,
      238750.0,
      179625.0,
      165000.0,
      169125.0,
      161083.0,
      183334.0,
      167542.0,
      164459.0,
      164458.0,
      175083.0,
      164625.0,
      168041.0,
      164291.0,
      163708.0,
      163792.0,
      174000.0,
      164459.0,
      168292.0,
      164500.0,
      164625.0,
      164500.0,
      175458.0,
      164500.0,
      170375.0,
      164167.0,
      163334.0,
      163375.0,
      171917.0,
      164375.0,
      168000.0,
      164417.0,
      164875.0,
      165000.0,
      171833.0,
      165417.0,
      168375.0,
      164833.0,
      164958.0,
      165125.0,
      168833.0,
      165166.0,
      168750.0,
      165250.0,
      164875.0,
      165042.0
    ]
  },
  "torchrl": {
    "median_ns": 2853187.5,
    "mean_ns": 2861442.14,
    "min_ns": 2741250.0,
    "max_ns": 3570250.0,
    "p25_ns": 2843823.0,
    "p75_ns": 2864948.0,
    "p99_ns": 2989325.920000003,
    "iqr_ns": 21125.0,
    "n_samples": 100,
    "times_ns": [
      2875583.0,
      2875584.0,
      2865417.0,
      2872541.0,
      2874667.0,
      2861667.0,
      2862792.0,
      2870042.0,
      2856875.0,
      2866917.0,
      2883833.0,
      2870584.0,
      2853125.0,
      2862459.0,
      2872000.0,
      2868500.0,
      2864667.0,
      2864417.0,
      2866250.0,
      3570250.0,
      2983458.0,
      2741250.0,
      2746625.0,
      2825375.0,
      2854084.0,
      2864792.0,
      2862709.0,
      2852000.0,
      2878083.0,
      2861333.0,
      2904583.0,
      2856084.0,
      2858458.0,
      2863458.0,
      2873333.0,
      2838625.0,
      2860750.0,
      2862750.0,
      2852500.0,
      2841375.0,
      2852959.0,
      2871625.0,
      2853042.0,
      2852000.0,
      2855125.0,
      2845500.0,
      2859250.0,
      2840958.0,
      2846417.0,
      2853250.0,
      2851750.0,
      2850417.0,
      2854125.0,
      2848000.0,
      2865167.0,
      2861042.0,
      2852292.0,
      2844083.0,
      2863375.0,
      2920250.0,
      2755791.0,
      2826666.0,
      2850375.0,
      2839125.0,
      2867209.0,
      2829208.0,
      2845125.0,
      2852250.0,
      2829084.0,
      2841958.0,
      2855167.0,
      2844666.0,
      2836500.0,
      2850333.0,
      2851500.0,
      2856708.0,
      2841084.0,
      2845292.0,
      2832709.0,
      2846417.0,
      2844208.0,
      2840958.0,
      2843875.0,
      2851084.0,
      2833833.0,
      2838625.0,
      2838333.0,
      2879250.0,
      2839375.0,
      2841666.0,
      2864875.0,
      2838917.0,
      2855209.0,
      2842541.0,
      2871042.0,
      2848917.0,
      2891958.0,
      2843667.0,
      2921375.0,
      2836917.0
    ]
  },
  "speedup_vs_numpy": 101.57723076923077,
  "speedup_ci_95": [
    99.03961584633853,
    104.6538218572331
  ],
  "significant": true
}