{
  "benchmark": "gae_2048",
  "n_steps": 2048,
  "correctness_passed": true,
  "rlox": {
    "median_ns": 4041.0,
    "mean_ns": 4064.09,
    "min_ns": 3500.0,
    "max_ns": 5291.0,
    "p25_ns": 3958.0,
    "p75_ns": 4125.0,
    "p99_ns": 5167.250000000001,
    "iqr_ns": 167.0,
    "n_samples": 100,
    "times_ns": [
      4208.0,
      4083.0,
      4042.0,
      4042.0,
      4000.0,
      4042.0,
      4000.0,
      4000.0,
      3958.0,
      4000.0,
      4042.0,
      3833.0,
      3541.0,
      3541.0,
      3583.0,
      3542.0,
      3584.0,
      3583.0,
      3583.0,
      3541.0,
      3583.0,
      3625.0,
      3584.0,
      3625.0,
      3625.0,
      3542.0,
      3542.0,
      3500.0,
      3541.0,
      3541.0,
      3667.0,
      3917.0,
      4000.0,
      3917.0,
      3959.0,
      3958.0,
      4375.0,
      5042.0,
      4958.0,
      5000.0,
      4583.0,
      4166.0,
      4208.0,
      4125.0,
      4458.0,
      5291.0,
      5166.0,
      4708.0,
      4167.0,
      4209.0,
      4125.0,
      4125.0,
      4291.0,
      4250.0,
      4208.0,
      4208.0,
      4084.0,
      4041.0,
      4125.0,
      4042.0,
      4042.0,
      4083.0,
      4000.0,
      4000.0,
      4000.0,
      4041.0,
      3958.0,
      4000.0,
      4041.0,
      4000.0,
      4000.0,
      4000.0,
      4000.0,
      4000.0,
      3958.0,
      3958.0,
      4042.0,
      4042.0,
      4042.0,
      4000.0,
      3958.0,
      4000.0,
      3958.0,
      4500.0,
      5041.0,
      5000.0,
      4750.0,
      4125.0,
      4041.0,
      4125.0,
      4083.0,
      4041.0,
      4084.0,
      4209.0,
      4125.0,
      4125.0,
      4083.0,
      4042.0,
      4083.0,
      4000.0
    ]
  },
  "numpy": {
    "median_ns": 623083.5,
    "mean_ns": 631894.17,
    "min_ns": 589833.0,
    "max_ns": 804291.0,
    "p25_ns": 619802.5,
    "p75_ns": 627885.25,
    "p99_ns": 791834.8200000001,
    "iqr_ns": 8082.75,
    "n_samples": 100,
    "times_ns": [
      612708.0,
      619584.0,
      623791.0,
      610000.0,
      605250.0,
      623208.0,
      774542.0,
      608833.0,
      633292.0,
      618459.0,
      611208.0,
      623667.0,
      608000.0,
      614750.0,
      610750.0,
      609667.0,
      614459.0,
      604958.0,
      627541.0,
      690542.0,
      677709.0,
      769583.0,
      645625.0,
      647875.0,
      645416.0,
      637291.0,
      627833.0,
      630125.0,
      634334.0,
      621666.0,
      632666.0,
      624084.0,
      623708.0,
      625500.0,
      625917.0,
      622583.0,
      622584.0,
      616708.0,
      621667.0,
      622500.0,
      617875.0,
      623042.0,
      620875.0,
      626791.0,
      625709.0,
      621167.0,
      626625.0,
      623292.0,
      619834.0,
      623250.0,
      623375.0,
      623250.0,
      623250.0,
      616833.0,
      623125.0,
      623583.0,
      620250.0,
      623791.0,
      619875.0,
      628959.0,
      632458.0,
      623375.0,
      623666.0,
      628250.0,
      620625.0,
      629417.0,
      629167.0,
      629667.0,
      623708.0,
      619416.0,
      623416.0,
      622042.0,
      618500.0,
      621625.0,
      619000.0,
      619708.0,
      621500.0,
      628042.0,
      620792.0,
      620042.0,
      620708.0,
      621084.0,
      622125.0,
      791709.0,
      804291.0,
      786417.0,
      589833.0,
      619167.0,
      616958.0,
      605584.0,
      621958.0,
      620542.0,
      620208.0,
      624583.0,
      620542.0,
      630458.0,
      636584.0,
      622708.0,
      655708.0,
      608500.0
    ]
  },
  "torchrl": {
    "median_ns": 12212812.5,
    "mean_ns": 12286918.34,
    "min_ns": 11533458.0,
    "max_ns": 13574583.0,
    "p25_ns": 12072302.25,
    "p75_ns": 12527969.0,
    "p99_ns": 13375057.41,
    "iqr_ns": 455666.75,
    "n_samples": 100,
    "times_ns": [
      12241208.0,
      12295125.0,
      12296708.0,
      12441583.0,
      12182625.0,
      12122375.0,
      12097625.0,
      12054667.0,
      12038167.0,
      11858583.0,
      11575916.0,
      11621375.0,
      11650916.0,
      11625917.0,
      11583666.0,
      11575083.0,
      11560709.0,
      11577125.0,
      11543208.0,
      11533458.0,
      12239666.0,
      12323333.0,
      12270542.0,
      12202666.0,
      12191208.0,
      12197292.0,
      12153916.0,
      12154917.0,
      12077250.0,
      12077750.0,
      12056250.0,
      12053292.0,
      12057459.0,
      12008834.0,
      11995458.0,
      12138834.0,
      12230000.0,
      12230084.0,
      12155375.0,
      12083875.0,
      12045500.0,
      12014084.0,
      12028166.0,
      12017125.0,
      11968042.0,
      11938625.0,
      11902500.0,
      12328084.0,
      12382958.0,
      12396875.0,
      12292958.0,
      12206875.0,
      12218750.0,
      12190000.0,
      12114083.0,
      12110625.0,
      12136667.0,
      12135250.0,
      13098542.0,
      12556541.0,
      12376209.0,
      12318000.0,
      12287458.0,
      12254500.0,
      12259583.0,
      12172375.0,
      12122583.0,
      12581459.0,
      12602417.0,
      12529625.0,
      12527417.0,
      13574583.0,
      13373042.0,
      13243459.0,
      12789209.0,
      12779833.0,
      12663959.0,
      12452917.0,
      12245042.0,
      12197083.0,
      12224500.0,
      12390583.0,
      12221417.0,
      12579084.0,
      12985583.0,
      12836333.0,
      12976958.0,
      12776709.0,
      12768958.0,
      12742791.0,
      12646708.0,
      12835542.0,
      12904083.0,
      12805833.0,
      13278250.0,
      12874167.0,
      12535625.0,
      12184500.0,
      12184292.0,
      12132875.0
    ]
  },
  "speedup_vs_numpy": 154.19042316258353,
  "speedup_ci_95": [
    153.80183077684313,
    155.833375
  ],
  "significant": true
}