{
  "benchmark": "grpo_64x8",
  "n_prompts": 64,
  "k": 8,
  "correctness_passed": true,
  "rlox": {
    "median_ns": 7854.5,
    "mean_ns": 8223.28,
    "min_ns": 7708.0,
    "max_ns": 14209.0,
    "p25_ns": 7792.0,
    "p75_ns": 8030.75,
    "p99_ns": 12166.679999999991,
    "iqr_ns": 238.75,
    "n_samples": 50,
    "times_ns": [
      8000.0,
      7958.0,
      14209.0,
      8041.0,
      7916.0,
      7791.0,
      7833.0,
      7833.0,
      7708.0,
      7791.0,
      7792.0,
      7792.0,
      7792.0,
      7708.0,
      7792.0,
      7750.0,
      7834.0,
      7917.0,
      7834.0,
      7833.0,
      7792.0,
      7708.0,
      7791.0,
      7750.0,
      7875.0,
      7833.0,
      7791.0,
      7750.0,
      7792.0,
      9250.0,
      9708.0,
      8084.0,
      7958.0,
      8083.0,
      8084.0,
      8042.0,
      9167.0,
      10041.0,
      10041.0,
      7875.0,
      7875.0,
      7834.0,
      7917.0,
      7916.0,
      7833.0,
      8875.0,
      9792.0,
      7833.0,
      7875.0,
      7875.0
    ]
  },
  "numpy": {
    "median_ns": 464833.0,
    "mean_ns": 468540.02,
    "min_ns": 454292.0,
    "max_ns": 628208.0,
    "p25_ns": 460791.25,
    "p75_ns": 468552.0,
    "p99_ns": 566754.1599999998,
    "iqr_ns": 7760.75,
    "n_samples": 50,
    "times_ns": [
      465042.0,
      471625.0,
      470250.0,
      470916.0,
      466709.0,
      474833.0,
      466000.0,
      476792.0,
      467208.0,
      468084.0,
      464708.0,
      485625.0,
      628208.0,
      502792.0,
      476084.0,
      468916.0,
      466584.0,
      461750.0,
      462458.0,
      456250.0,
      468042.0,
      457125.0,
      471458.0,
      458375.0,
      463208.0,
      461250.0,
      462500.0,
      460917.0,
      466667.0,
      465250.0,
      464125.0,
      463583.0,
      455667.0,
      468708.0,
      457084.0,
      466375.0,
      454875.0,
      464958.0,
      461208.0,
      460791.0,
      458333.0,
      466334.0,
      455500.0,
      459917.0,
      454750.0,
      454292.0,
      474250.0,
      460792.0,
      463875.0,
      455958.0
    ]
  },
  "torch": {
    "median_ns": 451000.0,
    "mean_ns": 452143.4,
    "min_ns": 443708.0,
    "max_ns": 500125.0,
    "p25_ns": 447874.5,
    "p75_ns": 454198.0,
    "p99_ns": 481157.5899999999,
    "iqr_ns": 6323.5,
    "n_samples": 50,
    "times_ns": [
      452500.0,
      449583.0,
      456417.0,
      449000.0,
      500125.0,
      451250.0,
      460375.0,
      450584.0,
      452959.0,
      448583.0,
      461416.0,
      451458.0,
      449417.0,
      456541.0,
      450167.0,
      455417.0,
      446917.0,
      454042.0,
      449084.0,
      455250.0,
      447584.0,
      452292.0,
      446458.0,
      444417.0,
      456834.0,
      447791.0,
      455084.0,
      448125.0,
      453292.0,
      447750.0,
      453083.0,
      456500.0,
      451708.0,
      453375.0,
      447292.0,
      455167.0,
      449000.0,
      455833.0,
      449208.0,
      454250.0,
      447208.0,
      450750.0,
      445208.0,
      443708.0,
      453792.0,
      446417.0,
      451417.0,
      446375.0,
      449917.0,
      446250.0
    ]
  },
  "speedup_vs_numpy": 59.18046979438538,
  "speedup_ci_95": [
    58.615462354724606,
    59.53976764968722
  ]
}