{
  "benchmark": "token_kl_8192",
  "seq_len": 8192,
  "correctness_passed": true,
  "rlox": {
    "median_ns": 11645.5,
    "mean_ns": 11823.76,
    "min_ns": 10417.0,
    "max_ns": 16083.0,
    "p25_ns": 11625.0,
    "p75_ns": 11708.0,
    "p99_ns": 15010.830000000005,
    "iqr_ns": 83.0,
    "n_samples": 100,
    "times_ns": [
      11834.0,
      13500.0,
      12916.0,
      11833.0,
      11584.0,
      12250.0,
      14916.0,
      15000.0,
      14500.0,
      13167.0,
      10542.0,
      10500.0,
      11667.0,
      11667.0,
      11667.0,
      11667.0,
      13250.0,
      13083.0,
      11750.0,
      11833.0,
      12541.0,
      12083.0,
      11750.0,
      11708.0,
      11625.0,
      11750.0,
      11625.0,
      11625.0,
      11625.0,
      11625.0,
      11625.0,
      11667.0,
      11667.0,
      11667.0,
      11625.0,
      11625.0,
      11625.0,
      11625.0,
      11709.0,
      11667.0,
      11583.0,
      11666.0,
      11625.0,
      11667.0,
      11625.0,
      11584.0,
      11000.0,
      10417.0,
      10417.0,
      11500.0,
      11666.0,
      11625.0,
      11708.0,
      11625.0,
      11625.0,
      11583.0,
      11667.0,
      11625.0,
      11750.0,
      11583.0,
      11625.0,
      11625.0,
      11584.0,
      11625.0,
      11667.0,
      11667.0,
      11625.0,
      11584.0,
      11625.0,
      11667.0,
      11667.0,
      11666.0,
      11625.0,
      16083.0,
      11708.0,
      11625.0,
      11625.0,
      11667.0,
      11667.0,
      11625.0,
      11667.0,
      11667.0,
      11625.0,
      11666.0,
      11625.0,
      11625.0,
      11708.0,
      11708.0,
      11500.0,
      10833.0,
      11666.0,
      11708.0,
      11666.0,
      11625.0,
      11625.0,
      11584.0,
      11625.0,
      11625.0,
      11625.0,
      11625.0
    ]
  },
  "numpy": {
    "median_ns": 28208.0,
    "mean_ns": 28386.65,
    "min_ns": 27958.0,
    "max_ns": 37375.0,
    "p25_ns": 28114.75,
    "p75_ns": 28291.0,
    "p99_ns": 33291.25000000002,
    "iqr_ns": 176.25,
    "n_samples": 100,
    "times_ns": [
      28417.0,
      28417.0,
      28083.0,
      28416.0,
      28334.0,
      28375.0,
      28167.0,
      37375.0,
      28167.0,
      28334.0,
      28208.0,
      28250.0,
      28250.0,
      28167.0,
      28209.0,
      28125.0,
      28250.0,
      28084.0,
      28083.0,
      28167.0,
      28250.0,
      28291.0,
      28041.0,
      28291.0,
      28250.0,
      28375.0,
      28416.0,
      28291.0,
      28416.0,
      28125.0,
      28083.0,
      28375.0,
      28166.0,
      28167.0,
      27958.0,
      28291.0,
      28375.0,
      28083.0,
      28125.0,
      28083.0,
      28250.0,
      28042.0,
      33250.0,
      28417.0,
      28333.0,
      28250.0,
      28125.0,
      27959.0,
      28292.0,
      28042.0,
      28208.0,
      28250.0,
      28125.0,
      28250.0,
      28209.0,
      28250.0,
      27959.0,
      28125.0,
      28125.0,
      28250.0,
      28166.0,
      28291.0,
      28166.0,
      28041.0,
      28125.0,
      28125.0,
      28250.0,
      28167.0,
      27958.0,
      28375.0,
      28167.0,
      28250.0,
      28250.0,
      28084.0,
      28292.0,
      28084.0,
      28375.0,
      33000.0,
      28375.0,
      28083.0,
      28083.0,
      28208.0,
      27959.0,
      28083.0,
      28291.0,
      28208.0,
      28166.0,
      28291.0,
      28208.0,
      28209.0,
      28042.0,
      28167.0,
      28083.0,
      28167.0,
      28209.0,
      28000.0,
      28417.0,
      28042.0,
      28000.0,
      28167.0
    ]
  },
  "torch": {
    "median_ns": 36875.0,
    "mean_ns": 126953.7,
    "min_ns": 32667.0,
    "max_ns": 769166.0,
    "p25_ns": 36416.0,
    "p75_ns": 61583.25,
    "p99_ns": 590141.3300000009,
    "iqr_ns": 25167.25,
    "n_samples": 100,
    "times_ns": [
      37791.0,
      38875.0,
      36459.0,
      36541.0,
      37459.0,
      37333.0,
      37167.0,
      60250.0,
      34750.0,
      35000.0,
      37416.0,
      36583.0,
      35792.0,
      37208.0,
      35959.0,
      36333.0,
      35916.0,
      36250.0,
      36667.0,
      43417.0,
      36834.0,
      47667.0,
      35750.0,
      38209.0,
      36042.0,
      36125.0,
      35708.0,
      36583.0,
      36000.0,
      36125.0,
      36416.0,
      36541.0,
      37041.0,
      67708.0,
      33000.0,
      36416.0,
      36791.0,
      36584.0,
      36333.0,
      36750.0,
      37375.0,
      36666.0,
      38208.0,
      36875.0,
      36292.0,
      36250.0,
      36666.0,
      37666.0,
      36625.0,
      37667.0,
      36417.0,
      36667.0,
      38208.0,
      36791.0,
      38375.0,
      36958.0,
      37875.0,
      36625.0,
      36667.0,
      65583.0,
      32667.0,
      34750.0,
      35833.0,
      36209.0,
      35667.0,
      36542.0,
      37125.0,
      36875.0,
      36333.0,
      36833.0,
      36750.0,
      36875.0,
      37833.0,
      36875.0,
      37125.0,
      37292.0,
      36208.0,
      471417.0,
      207417.0,
      399125.0,
      520917.0,
      202708.0,
      769166.0,
      347166.0,
      460208.0,
      415917.0,
      417917.0,
      274667.0,
      414916.0,
      417250.0,
      442417.0,
      424541.0,
      537292.0,
      426958.0,
      588333.0,
      410417.0,
      439917.0,
      413542.0,
      259792.0,
      513333.0
    ]
  },
  "speedup_vs_numpy": 2.422223176334206,
  "speedup_ci_95": [
    2.4142453072769348,
    2.4301075268817205
  ]
}