{
  "benchmark": "token_kl_2048",
  "seq_len": 2048,
  "correctness_passed": true,
  "rlox": {
    "median_ns": 3000.0,
    "mean_ns": 3077.48,
    "min_ns": 2708.0,
    "max_ns": 9625.0,
    "p25_ns": 3000.0,
    "p75_ns": 3042.0,
    "p99_ns": 3519.6700000000315,
    "iqr_ns": 42.0,
    "n_samples": 100,
    "times_ns": [
      2792.0,
      2750.0,
      2708.0,
      2708.0,
      2708.0,
      2708.0,
      2709.0,
      2750.0,
      3000.0,
      3125.0,
      3125.0,
      3084.0,
      3042.0,
      3000.0,
      3042.0,
      3042.0,
      3041.0,
      3000.0,
      3000.0,
      3000.0,
      3042.0,
      3000.0,
      3042.0,
      3042.0,
      3041.0,
      3000.0,
      3041.0,
      3000.0,
      3000.0,
      3000.0,
      3083.0,
      3042.0,
      3042.0,
      3000.0,
      3041.0,
      3042.0,
      3000.0,
      3000.0,
      3000.0,
      9625.0,
      3042.0,
      3000.0,
      3000.0,
      3000.0,
      3000.0,
      3000.0,
      3041.0,
      3042.0,
      3042.0,
      3041.0,
      3042.0,
      3042.0,
      3125.0,
      3042.0,
      3041.0,
      3042.0,
      3000.0,
      3000.0,
      3000.0,
      3000.0,
      3000.0,
      3000.0,
      3000.0,
      3000.0,
      3000.0,
      3000.0,
      3000.0,
      3000.0,
      3042.0,
      3000.0,
      3000.0,
      3042.0,
      3041.0,
      3000.0,
      3000.0,
      3000.0,
      3000.0,
      3125.0,
      3083.0,
      3041.0,
      3042.0,
      3000.0,
      3000.0,
      3042.0,
      3000.0,
      3000.0,
      3000.0,
      2958.0,
      3000.0,
      3125.0,
      3000.0,
      3417.0,
      3417.0,
      3458.0,
      3416.0,
      3416.0,
      2833.0,
      2750.0,
      2750.0,
      2791.0
    ]
  },
  "numpy": {
    "median_ns": 7104.5,
    "mean_ns": 7027.99,
    "min_ns": 6292.0,
    "max_ns": 13500.0,
    "p25_ns": 6500.0,
    "p75_ns": 7167.0,
    "p99_ns": 9787.50000000002,
    "iqr_ns": 667.0,
    "n_samples": 100,
    "times_ns": [
      6625.0,
      6542.0,
      6500.0,
      6417.0,
      6459.0,
      6459.0,
      6417.0,
      6375.0,
      6500.0,
      6458.0,
      6500.0,
      7166.0,
      7125.0,
      7208.0,
      7791.0,
      7208.0,
      7166.0,
      7208.0,
      7167.0,
      9750.0,
      7167.0,
      7125.0,
      7084.0,
      7125.0,
      7125.0,
      7167.0,
      6959.0,
      6375.0,
      6459.0,
      6375.0,
      6417.0,
      6375.0,
      6375.0,
      6334.0,
      6292.0,
      6333.0,
      6375.0,
      6375.0,
      6416.0,
      6375.0,
      6500.0,
      7083.0,
      7125.0,
      7208.0,
      7167.0,
      7083.0,
      7083.0,
      7125.0,
      7208.0,
      7166.0,
      7166.0,
      7208.0,
      7250.0,
      7209.0,
      7208.0,
      7167.0,
      7167.0,
      7209.0,
      7167.0,
      7250.0,
      7125.0,
      7125.0,
      7083.0,
      7125.0,
      7125.0,
      7209.0,
      7042.0,
      7083.0,
      7084.0,
      7167.0,
      7042.0,
      7167.0,
      7125.0,
      7084.0,
      13500.0,
      7375.0,
      7167.0,
      7208.0,
      7125.0,
      7125.0,
      7000.0,
      7083.0,
      7083.0,
      7167.0,
      7084.0,
      7125.0,
      7084.0,
      7084.0,
      7084.0,
      7083.0,
      7042.0,
      7042.0,
      7125.0,
      7250.0,
      7125.0,
      7167.0,
      6625.0,
      6334.0,
      6333.0,
      6375.0
    ]
  },
  "torch": {
    "median_ns": 11500.0,
    "mean_ns": 11588.77,
    "min_ns": 10125.0,
    "max_ns": 19458.0,
    "p25_ns": 11364.75,
    "p75_ns": 11802.25,
    "p99_ns": 14508.000000000025,
    "iqr_ns": 437.5,
    "n_samples": 100,
    "times_ns": [
      11834.0,
      12000.0,
      11917.0,
      12417.0,
      12042.0,
      12125.0,
      11500.0,
      12541.0,
      11625.0,
      11500.0,
      10458.0,
      10750.0,
      10250.0,
      10667.0,
      10292.0,
      10708.0,
      10459.0,
      11666.0,
      11417.0,
      11583.0,
      11334.0,
      12042.0,
      11542.0,
      12000.0,
      11625.0,
      11458.0,
      11875.0,
      11500.0,
      11875.0,
      11417.0,
      11792.0,
      11458.0,
      11500.0,
      11834.0,
      11917.0,
      14458.0,
      11542.0,
      12000.0,
      19458.0,
      12417.0,
      12250.0,
      11875.0,
      11500.0,
      12041.0,
      11625.0,
      11792.0,
      11417.0,
      11834.0,
      11500.0,
      11625.0,
      11250.0,
      11667.0,
      10375.0,
      10375.0,
      10583.0,
      10125.0,
      10875.0,
      11500.0,
      11708.0,
      11333.0,
      12042.0,
      11500.0,
      11791.0,
      11375.0,
      11500.0,
      11416.0,
      11625.0,
      11500.0,
      11791.0,
      11416.0,
      11750.0,
      11417.0,
      11750.0,
      11292.0,
      11959.0,
      11500.0,
      11709.0,
      11333.0,
      11625.0,
      11417.0,
      11750.0,
      11292.0,
      11875.0,
      11208.0,
      11458.0,
      11542.0,
      11209.0,
      11667.0,
      11333.0,
      11500.0,
      11458.0,
      11708.0,
      11500.0,
      11833.0,
      11375.0,
      10916.0,
      10125.0,
      10459.0,
      11250.0,
      11666.0
    ]
  },
  "speedup_vs_numpy": 2.3681666666666668,
  "speedup_ci_95": [
    2.3294968760276227,
    2.375
  ]
}