{
  "benchmark": "token_kl_128",
  "seq_len": 128,
  "correctness_passed": true,
  "rlox": {
    "median_ns": 375.0,
    "mean_ns": 357.5,
    "min_ns": 292.0,
    "max_ns": 458.0,
    "p25_ns": 333.0,
    "p75_ns": 375.0,
    "p99_ns": 417.4100000000002,
    "iqr_ns": 42.0,
    "n_samples": 100,
    "times_ns": [
      458.0,
      375.0,
      417.0,
      375.0,
      375.0,
      375.0,
      375.0,
      375.0,
      333.0,
      375.0,
      333.0,
      375.0,
      375.0,
      375.0,
      375.0,
      375.0,
      375.0,
      334.0,
      333.0,
      333.0,
      375.0,
      375.0,
      333.0,
      416.0,
      375.0,
      333.0,
      333.0,
      292.0,
      375.0,
      375.0,
      375.0,
      333.0,
      417.0,
      375.0,
      375.0,
      375.0,
      416.0,
      333.0,
      333.0,
      375.0,
      334.0,
      333.0,
      333.0,
      334.0,
      375.0,
      375.0,
      375.0,
      417.0,
      334.0,
      375.0,
      333.0,
      333.0,
      334.0,
      334.0,
      333.0,
      375.0,
      333.0,
      334.0,
      375.0,
      375.0,
      375.0,
      334.0,
      333.0,
      333.0,
      375.0,
      334.0,
      333.0,
      333.0,
      375.0,
      417.0,
      375.0,
      333.0,
      375.0,
      375.0,
      375.0,
      333.0,
      334.0,
      333.0,
      375.0,
      334.0,
      333.0,
      333.0,
      375.0,
      334.0,
      333.0,
      375.0,
      334.0,
      333.0,
      333.0,
      334.0,
      333.0,
      333.0,
      334.0,
      375.0,
      334.0,
      333.0,
      375.0,
      375.0,
      375.0,
      333.0
    ]
  },
  "numpy": {
    "median_ns": 2125.0,
    "mean_ns": 2140.37,
    "min_ns": 2041.0,
    "max_ns": 2542.0,
    "p25_ns": 2125.0,
    "p75_ns": 2166.0,
    "p99_ns": 2376.670000000001,
    "iqr_ns": 41.0,
    "n_samples": 100,
    "times_ns": [
      2542.0,
      2375.0,
      2208.0,
      2208.0,
      2125.0,
      2167.0,
      2167.0,
      2167.0,
      2084.0,
      2125.0,
      2125.0,
      2166.0,
      2166.0,
      2125.0,
      2125.0,
      2334.0,
      2125.0,
      2083.0,
      2125.0,
      2125.0,
      2083.0,
      2166.0,
      2125.0,
      2125.0,
      2083.0,
      2125.0,
      2125.0,
      2125.0,
      2125.0,
      2084.0,
      2125.0,
      2167.0,
      2083.0,
      2125.0,
      2041.0,
      2083.0,
      2083.0,
      2167.0,
      2167.0,
      2125.0,
      2083.0,
      2166.0,
      2166.0,
      2208.0,
      2167.0,
      2042.0,
      2250.0,
      2084.0,
      2125.0,
      2125.0,
      2125.0,
      2125.0,
      2166.0,
      2167.0,
      2166.0,
      2209.0,
      2208.0,
      2084.0,
      2125.0,
      2125.0,
      2125.0,
      2167.0,
      2208.0,
      2083.0,
      2125.0,
      2083.0,
      2125.0,
      2125.0,
      2083.0,
      2166.0,
      2167.0,
      2125.0,
      2042.0,
      2125.0,
      2125.0,
      2083.0,
      2125.0,
      2208.0,
      2166.0,
      2125.0,
      2166.0,
      2167.0,
      2125.0,
      2084.0,
      2167.0,
      2125.0,
      2167.0,
      2125.0,
      2125.0,
      2125.0,
      2125.0,
      2083.0,
      2083.0,
      2125.0,
      2125.0,
      2125.0,
      2125.0,
      2083.0,
      2125.0,
      2166.0
    ]
  },
  "torch": {
    "median_ns": 3667.0,
    "mean_ns": 3700.39,
    "min_ns": 3583.0,
    "max_ns": 4167.0,
    "p25_ns": 3666.0,
    "p75_ns": 3750.0,
    "p99_ns": 4166.01,
    "iqr_ns": 84.0,
    "n_samples": 100,
    "times_ns": [
      4167.0,
      4166.0,
      3875.0,
      3750.0,
      3750.0,
      3875.0,
      3667.0,
      3875.0,
      3792.0,
      3709.0,
      3750.0,
      3750.0,
      3750.0,
      3833.0,
      3791.0,
      3791.0,
      3833.0,
      3833.0,
      3750.0,
      3666.0,
      3708.0,
      3709.0,
      3667.0,
      3667.0,
      3708.0,
      3750.0,
      3583.0,
      3667.0,
      3667.0,
      3667.0,
      3625.0,
      3708.0,
      3667.0,
      3792.0,
      3750.0,
      3708.0,
      3625.0,
      3667.0,
      3584.0,
      3667.0,
      3708.0,
      3708.0,
      3667.0,
      3667.0,
      3667.0,
      3750.0,
      3667.0,
      3792.0,
      3625.0,
      3708.0,
      3625.0,
      3708.0,
      3708.0,
      3625.0,
      3750.0,
      3666.0,
      3750.0,
      3667.0,
      3625.0,
      3667.0,
      3583.0,
      3625.0,
      3666.0,
      3625.0,
      3667.0,
      3667.0,
      3625.0,
      3666.0,
      3708.0,
      3584.0,
      3708.0,
      3667.0,
      3667.0,
      3625.0,
      3667.0,
      3792.0,
      3709.0,
      3708.0,
      3583.0,
      3625.0,
      3666.0,
      3583.0,
      3667.0,
      3584.0,
      3625.0,
      3625.0,
      3709.0,
      3667.0,
      3667.0,
      3666.0,
      3583.0,
      3750.0,
      3708.0,
      3708.0,
      3666.0,
      3666.0,
      3625.0,
      3666.0,
      3666.0,
      3666.0
    ]
  },
  "speedup_vs_numpy": 5.666666666666667,
  "speedup_ci_95": [
    5.666666666666667,
    6.362275449101796
  ]
}