{
  "benchmark": "vecenv_4",
  "n_envs": 4,
  "n_batch_steps": 100,
  "correctness_passed": true,
  "rlox": {
    "median_ns": 5340104.5,
    "mean_ns": 5299300.88,
    "min_ns": 3885959.0,
    "max_ns": 6527917.0,
    "p25_ns": 4936437.5,
    "p75_ns": 5699364.75,
    "p99_ns": 6361173.919999999,
    "iqr_ns": 762927.25,
    "n_samples": 50,
    "times_ns": [
      5009667.0,
      3885959.0,
      4717500.0,
      4900333.0,
      4475500.0,
      4018208.0,
      4652833.0,
      4762625.0,
      4593709.0,
      4627917.0,
      5576791.0,
      5715416.0,
      5930916.0,
      4994125.0,
      5714000.0,
      4952750.0,
      5730250.0,
      5589667.0,
      5338875.0,
      4931000.0,
      5513917.0,
      5250875.0,
      5722375.0,
      5356959.0,
      5336375.0,
      5256583.0,
      5290250.0,
      5378667.0,
      5399125.0,
      5648708.0,
      5585500.0,
      5800917.0,
      6527917.0,
      5341334.0,
      6097792.0,
      6187625.0,
      5845709.0,
      5079042.0,
      4797792.0,
      5173208.0,
      5859875.0,
      5035833.0,
      4690375.0,
      5689083.0,
      4899833.0,
      5073583.0,
      5702792.0,
      5673375.0,
      6027417.0,
      5604167.0
    ]
  },
  "gymnasium_sync": {
    "median_ns": 2087666.5,
    "mean_ns": 2095509.98,
    "min_ns": 1985584.0,
    "max_ns": 2239833.0,
    "p25_ns": 2077990.0,
    "p75_ns": 2099458.0,
    "p99_ns": 2232483.0,
    "iqr_ns": 21468.0,
    "n_samples": 50,
    "times_ns": [
      2224833.0,
      2081584.0,
      2081375.0,
      2107833.0,
      2104458.0,
      2110125.0,
      2099916.0,
      2095875.0,
      2111000.0,
      2239833.0,
      2142167.0,
      2131625.0,
      2151042.0,
      2172125.0,
      1985584.0,
      2077292.0,
      2075500.0,
      2099708.0,
      2098708.0,
      2096875.0,
      2085750.0,
      2093333.0,
      2089042.0,
      2091000.0,
      2080208.0,
      2092209.0,
      2081750.0,
      2098166.0,
      2100834.0,
      2088541.0,
      2084500.0,
      2093500.0,
      2084375.0,
      2077041.0,
      2068792.0,
      2074125.0,
      2072000.0,
      2089833.0,
      2081917.0,
      2079458.0,
      2077417.0,
      2089125.0,
      2080875.0,
      2077417.0,
      2078833.0,
      2077709.0,
      2069541.0,
      2086792.0,
      2069500.0,
      2074458.0
    ]
  },
  "rlox_steps_per_second": 74904.90120558502,
  "speedup_vs_gymnasium": 0.39094113233177363
}