{
  "benchmark": "vecenv_16",
  "n_envs": 16,
  "n_batch_steps": 100,
  "correctness_passed": true,
  "rlox": {
    "median_ns": 40484063.0,
    "mean_ns": 40636481.64,
    "min_ns": 38197708.0,
    "max_ns": 46793791.0,
    "p25_ns": 40012510.75,
    "p75_ns": 40844646.25,
    "p99_ns": 46281557.739999995,
    "iqr_ns": 832135.5,
    "n_samples": 50,
    "times_ns": [
      40817083.0,
      40638125.0,
      40712667.0,
      40157375.0,
      41578542.0,
      40143458.0,
      39983250.0,
      39659166.0,
      40575291.0,
      40505666.0,
      38197708.0,
      40853834.0,
      41569667.0,
      40995500.0,
      41030958.0,
      41990042.0,
      41025083.0,
      40095292.0,
      41650375.0,
      40723917.0,
      40494501.0,
      39055375.0,
      39759750.0,
      41439250.0,
      40421333.0,
      40303167.0,
      40553667.0,
      39604375.0,
      39787292.0,
      40348208.0,
      39984917.0,
      39754541.0,
      39826291.0,
      40609500.0,
      39399750.0,
      45748417.0,
      46793791.0,
      40473625.0,
      40259167.0,
      40442333.0,
      40409750.0,
      40778125.0,
      40179125.0,
      39472833.0,
      40609291.0,
      40733917.0,
      41242583.0,
      41163875.0,
      39116334.0,
      40156000.0
    ]
  },
  "gymnasium_sync": {
    "median_ns": 7271438.0,
    "mean_ns": 7285493.38,
    "min_ns": 7137917.0,
    "max_ns": 7579875.0,
    "p25_ns": 7198896.25,
    "p75_ns": 7344469.25,
    "p99_ns": 7574219.42,
    "iqr_ns": 145573.0,
    "n_samples": 50,
    "times_ns": [
      7159750.0,
      7283000.0,
      7321167.0,
      7312000.0,
      7368583.0,
      7265583.0,
      7301125.0,
      7505250.0,
      7579875.0,
      7494792.0,
      7416833.0,
      7448458.0,
      7377667.0,
      7379167.0,
      7349709.0,
      7353625.0,
      7568333.0,
      7209667.0,
      7366917.0,
      7229042.0,
      7165750.0,
      7196459.0,
      7211250.0,
      7146875.0,
      7139708.0,
      7140250.0,
      7206208.0,
      7241500.0,
      7170417.0,
      7186291.0,
      7238542.0,
      7190084.0,
      7137917.0,
      7174625.0,
      7183958.0,
      7176459.0,
      7291250.0,
      7308458.0,
      7328750.0,
      7306375.0,
      7298833.0,
      7288375.0,
      7282291.0,
      7275167.0,
      7267709.0,
      7267625.0,
      7257792.0,
      7265666.0,
      7378000.0,
      7261542.0
    ]
  },
  "rlox_steps_per_second": 39521.72488220859,
  "speedup_vs_gymnasium": 0.17961235758377314
}