{
  "benchmark": "vecenv_1",
  "n_envs": 1,
  "n_batch_steps": 100,
  "correctness_passed": true,
  "rlox": {
    "median_ns": 73292.0,
    "mean_ns": 74100.04,
    "min_ns": 68708.0,
    "max_ns": 82458.0,
    "p25_ns": 73020.75,
    "p75_ns": 74083.75,
    "p99_ns": 82213.0,
    "iqr_ns": 1063.0,
    "n_samples": 50,
    "times_ns": [
      73084.0,
      77375.0,
      73917.0,
      68708.0,
      82458.0,
      73541.0,
      73250.0,
      73208.0,
      73000.0,
      72042.0,
      71167.0,
      73292.0,
      77792.0,
      73166.0,
      73083.0,
      72709.0,
      72625.0,
      73000.0,
      72834.0,
      72958.0,
      73334.0,
      73167.0,
      73708.0,
      76250.0,
      78292.0,
      81958.0,
      73959.0,
      75416.0,
      74708.0,
      74084.0,
      74083.0,
      75125.0,
      72833.0,
      73375.0,
      73667.0,
      73625.0,
      76375.0,
      75042.0,
      73167.0,
      77375.0,
      73750.0,
      73583.0,
      73292.0,
      73250.0,
      73292.0,
      73000.0,
      73167.0,
      73125.0,
      72916.0,
      72875.0
    ]
  },
  "gymnasium_sync": {
    "median_ns": 839708.5,
    "mean_ns": 838894.12,
    "min_ns": 733708.0,
    "max_ns": 910625.0,
    "p25_ns": 833895.75,
    "p75_ns": 845458.0,
    "p99_ns": 907276.83,
    "iqr_ns": 11562.25,
    "n_samples": 50,
    "times_ns": [
      903792.0,
      870167.0,
      850458.0,
      846417.0,
      848792.0,
      853750.0,
      841666.0,
      845458.0,
      843459.0,
      850208.0,
      847500.0,
      849500.0,
      841875.0,
      842375.0,
      844709.0,
      847000.0,
      842750.0,
      844791.0,
      844917.0,
      850166.0,
      837208.0,
      835375.0,
      835208.0,
      844959.0,
      831833.0,
      832875.0,
      834500.0,
      826458.0,
      840083.0,
      839334.0,
      836500.0,
      838500.0,
      836833.0,
      829750.0,
      836750.0,
      845458.0,
      830833.0,
      833750.0,
      828500.0,
      827000.0,
      829125.0,
      835291.0,
      832667.0,
      834333.0,
      843125.0,
      825542.0,
      837417.0,
      910625.0,
      733708.0,
      751416.0
    ]
  },
  "rlox_steps_per_second": 1364405.3921301097,
  "speedup_vs_gymnasium": 11.457028052174863
}