{
  "test": "single_component_degradation",
  "results": {
    "full_rust": {
      "config_name": "full_rust",
      "config": {
        "env": "rust",
        "gae": "rust"
      },
      "n_envs": 8,
      "n_steps": 128,
      "n_reps": 10,
      "median_elapsed_s": 0.023519208500033528,
      "elapsed_ci_95": [
        0.02326241699995535,
        0.024620166500028517
      ],
      "sps_median": 43540.2300800088,
      "sps_ci_95": [
        41653.81342255854,
        44019.50149900441
      ],
      "times_s": [
        0.03249162500003422,
        0.02556920799997897,
        0.023671125000078064,
        0.023194499999931395,
        0.02338825000003908,
        0.022629708000067694,
        0.02326241699995535,
        0.023737999999980275,
        0.023387875000025815,
        0.023650167000027977
      ]
    },
    "python_gae": {
      "config_name": "python_gae",
      "config": {
        "env": "rust",
        "gae": "python"
      },
      "n_envs": 8,
      "n_steps": 128,
      "n_reps": 10,
      "median_elapsed_s": 0.02181277149992411,
      "elapsed_ci_95": [
        0.021553187999984402,
        0.02201962449998973
      ],
      "sps_median": 46945.00314026008,
      "sps_ci_95": [
        46506.1831357205,
        47516.38909956787
      ],
      "times_s": [
        0.02217145800000253,
        0.021210499999938293,
        0.02179570899988903,
        0.021867790999976933,
        0.021310667000079775,
        0.02182983399995919,
        0.021998458000098253,
        0.02179420899994966,
        0.02284741699997994,
        0.02176920900001278
      ]
    },
    "python_env": {
      "config_name": "python_env",
      "config": {
        "env": "python",
        "gae": "rust"
      },
      "n_envs": 8,
      "n_steps": 128,
      "n_reps": 10,
      "median_elapsed_s": 0.006386020999968878,
      "elapsed_ci_95": [
        0.006360625500008155,
        0.006398625000031188
      ],
      "sps_median": 160350.31032246992,
      "sps_ci_95": [
        160034.5902283264,
        160991.34643582685
      ],
      "times_s": [
        0.006435291999991932,
        0.006345667000005051,
        0.006188124999994216,
        0.0063817919999564765,
        0.006390249999981279,
        0.006391333000010491,
        0.0063755840000112585,
        0.006395458000042709,
        0.006405917000051886,
        0.006375416999958361
      ]
    },
    "all_python": {
      "config_name": "all_python",
      "config": {
        "env": "python",
        "gae": "python"
      },
      "n_envs": 8,
      "n_steps": 128,
      "n_reps": 10,
      "median_elapsed_s": 0.006657791500003896,
      "elapsed_ci_95": [
        0.006633978999957435,
        0.00671324999996159
      ],
      "sps_median": 153805.00709384057,
      "sps_ci_95": [
        152534.1675054346,
        154357.37001158707
      ],
      "times_s": [
        0.006736749999959102,
        0.006666290999987723,
        0.006645833999982642,
        0.006646332999935112,
        0.006649292000020068,
        0.006621624999979758,
        0.006493958999953975,
        0.0066983750000417785,
        0.006716374999996333,
        0.00671324999996159
      ]
    }
  },
  "full_rust_sps": 43540.2300800088,
  "python_gae_sps": 46945.00314026008,
  "python_env_sps": 160350.31032246992,
  "all_python_sps": 153805.00709384057,
  "failures": [
    "python_gae (46945) >= full_rust (43540)",
    "python_env (160350) >= full_rust (43540)"
  ],
  "system": {
    "timestamp": "2026-03-18T20:25:04",
    "platform": "Linux-6.12.54-linuxkit-aarch64-with-glibc2.36",
    "os": "Linux",
    "python_version": "3.12.13",
    "cpu": "aarch64",
    "cpu_count_logical": 14,
    "numpy_version": "1.26.4",
    "torch_version": "2.5.1",
    "cuda_available": false,
    "rlox_available": true,
    "rlox_version": "0.2.3",
    "stable_baselines3_version": "2.7.1",
    "torchrl_version": "0.11.1",
    "gymnasium_version": "1.2.3"
  }
}