{
  "benchmark": "component_attribution",
  "n_envs": 8,
  "n_steps": 128,
  "n_reps": 20,
  "configs": {
    "full_rust": {
      "config_name": "full_rust",
      "config": {
        "env": "rust",
        "gae": "rust"
      },
      "n_envs": 8,
      "n_steps": 128,
      "n_reps": 20,
      "median_elapsed_s": 0.021256582999967577,
      "elapsed_ci_95": [
        0.021166395500017643,
        0.02151189650004426
      ],
      "sps_median": 48173.32164586142,
      "sps_ci_95": [
        47601.67521187608,
        48378.7087792816
      ],
      "times_s": [
        0.02192137500003355,
        0.021032375000004322,
        0.021479584000076102,
        0.02113087500003985,
        0.021201915999995435,
        0.02111333300001661,
        0.02078320900000108,
        0.020924250000007305,
        0.021640499999989515,
        0.021826625000016975,
        0.021266207999929065,
        0.02124695800000609,
        0.021275959000035982,
        0.02167645800000173,
        0.02060962500002006,
        0.02157329200008462,
        0.02120570800002497,
        0.021544209000012415,
        0.021398458000021492,
        0.021227124999995794
      ]
    },
    "python_gae": {
      "config_name": "python_gae",
      "config": {
        "env": "rust",
        "gae": "python"
      },
      "n_envs": 8,
      "n_steps": 128,
      "n_reps": 20,
      "median_elapsed_s": 0.023092978999954994,
      "elapsed_ci_95": [
        0.0229039375000184,
        0.02380922900005089
      ],
      "sps_median": 44342.495944934606,
      "sps_ci_95": [
        43008.64953780864,
        44708.4719641235
      ],
      "times_s": [
        0.024345457999970677,
        0.02376995800000259,
        0.023526458999981514,
        0.024709250000000793,
        0.0230799159999151,
        0.022899000000052183,
        0.02405512500001805,
        0.023848500000099193,
        0.022639958000013394,
        0.024627542000075664,
        0.022178499999995438,
        0.02290887499998462,
        0.023106041999994886,
        0.02373933399996986,
        0.024161667000043963,
        0.023062833000039973,
        0.022776875000090513,
        0.022909540999989986,
        0.022782874999961678,
        0.022163209000041206
      ]
    },
    "python_env": {
      "config_name": "python_env",
      "config": {
        "env": "python",
        "gae": "rust"
      },
      "n_envs": 8,
      "n_steps": 128,
      "n_reps": 20,
      "median_elapsed_s": 0.006499749499994323,
      "elapsed_ci_95": [
        0.006468063000056645,
        0.006598708500007433
      ],
      "sps_median": 157544.78176649217,
      "sps_ci_95": [
        155182.0666123053,
        158316.37971266825
      ],
      "times_s": [
        0.006687083999963761,
        0.006591500000013184,
        0.0065703330000133064,
        0.006683707999968647,
        0.006748042000026544,
        0.006648415999961799,
        0.006662833999939721,
        0.006507915999918623,
        0.0064915830000700225,
        0.00648716599994259,
        0.006471667000027992,
        0.0064722500000016225,
        0.006464459000085299,
        0.006448624999961794,
        0.006432374999917556,
        0.00650937500006421,
        0.006382707999932791,
        0.006377124999971784,
        0.006605917000001682,
        0.006282124999984262
      ]
    },
    "all_python": {
      "config_name": "all_python",
      "config": {
        "env": "python",
        "gae": "python"
      },
      "n_envs": 8,
      "n_steps": 128,
      "n_reps": 20,
      "median_elapsed_s": 0.0066896250000354485,
      "elapsed_ci_95": [
        0.006666979500039361,
        0.0067593539999393215
      ],
      "sps_median": 153072.8696024411,
      "sps_ci_95": [
        151494.06493655732,
        153592.8131879097
      ],
      "times_s": [
        0.006830499999978201,
        0.006788084000049821,
        0.006792708000034509,
        0.006772458999989794,
        0.006749874999968597,
        0.006768832999910046,
        0.006592332999957762,
        0.006659541999965768,
        0.006664542000066831,
        0.006691666000051555,
        0.006676500000025953,
        0.006831833999967785,
        0.0066599589999896125,
        0.0066831670000055965,
        0.0066474589999643285,
        0.006687584000019342,
        0.006663333000005878,
        0.00666941700001189,
        0.0066953329999250855,
        0.006718583000065337
      ]
    }
  },
  "attribution": {
    "full_rust": {
      "slowdown": 1.0,
      "sps": 48173.32164586142
    },
    "python_gae": {
      "slowdown": 1.0863917472233409,
      "sps": 44342.495944934606
    },
    "python_env": {
      "slowdown": 0.30577541893620047,
      "sps": 157544.78176649217
    },
    "all_python": {
      "slowdown": 0.31470842462793414,
      "sps": 153072.8696024411
    }
  },
  "system": {
    "timestamp": "2026-03-18T20:25:07",
    "platform": "Linux-6.12.54-linuxkit-aarch64-with-glibc2.36",
    "os": "Linux",
    "python_version": "3.12.13",
    "cpu": "aarch64",
    "cpu_count_logical": 14,
    "numpy_version": "1.26.4",
    "torch_version": "2.5.1",
    "cuda_available": false,
    "rlox_available": true,
    "rlox_version": "0.2.3",
    "stable_baselines3_version": "2.7.1",
    "torchrl_version": "0.11.1",
    "gymnasium_version": "1.2.3"
  }
}