{
  "test": "full_rust_vs_python_env",
  "full_rust": {
    "config_name": "full_rust",
    "config": {
      "env": "rust",
      "gae": "rust"
    },
    "n_envs": 8,
    "n_steps": 128,
    "n_reps": 15,
    "median_elapsed_s": 0.022075374999985797,
    "elapsed_ci_95": [
      0.021651458999940587,
      0.022368707999930848
    ],
    "sps_median": 46386.527975205805,
    "sps_ci_95": [
      45778.236275567,
      47294.73427184791
    ],
    "times_s": [
      0.02232470799992825,
      0.02072958300004757,
      0.022449583000025086,
      0.021651458999940587,
      0.021548166999991736,
      0.021970375000023523,
      0.02156524999998055,
      0.022731958999997914,
      0.022363250000012158,
      0.021933666000109042,
      0.021712666999974317,
      0.022368707999930848,
      0.022978916999932153,
      0.02270916599991324,
      0.022075374999985797
    ]
  },
  "python_env": {
    "config_name": "python_env",
    "config": {
      "env": "python",
      "gae": "rust"
    },
    "n_envs": 8,
    "n_steps": 128,
    "n_reps": 15,
    "median_elapsed_s": 0.006350333000000319,
    "elapsed_ci_95": [
      0.006320666999954483,
      0.00636308299999655
    ],
    "sps_median": 161251.3863446135,
    "sps_ci_95": [
      160928.27957776995,
      162008.218437607
    ],
    "times_s": [
      0.006501082999989194,
      0.00636308299999655,
      0.006320666999954483,
      0.0063591250000172295,
      0.006320290999951794,
      0.006350333000000319,
      0.006358125000019754,
      0.006481582999981583,
      0.006150290999926256,
      0.006354957999974431,
      0.006339417000049252,
      0.006363958000065395,
      0.006320374999972955,
      0.00633349999998245,
      0.006313708999982737
    ]
  },
  "speedup": 0.287665917340222,
  "speedup_ci_95": [
    0.2826363341621207,
    0.2928302174959564
  ],
  "full_rust_faster": false
}