{
  "test": "full_rust_vs_python_gae",
  "full_rust": {
    "config_name": "full_rust",
    "config": {
      "env": "rust",
      "gae": "rust"
    },
    "n_envs": 8,
    "n_steps": 128,
    "n_reps": 15,
    "median_elapsed_s": 0.022755125000003318,
    "elapsed_ci_95": [
      0.022241915999984485,
      0.023640000000000327
    ],
    "sps_median": 45000.85145653345,
    "sps_ci_95": [
      43316.41285955947,
      46039.19914096943
    ],
    "times_s": [
      0.02341450000005807,
      0.02231295899991892,
      0.022241915999984485,
      0.020877458999962073,
      0.02130562499996813,
      0.022755125000003318,
      0.02399187499997879,
      0.024744791999978588,
      0.024024332999943,
      0.023640000000000327,
      0.023270833999958995,
      0.02259983400006149,
      0.022304709000081857,
      0.022190665999914927,
      0.023319708000030914
    ]
  },
  "python_gae": {
    "config_name": "python_gae",
    "config": {
      "env": "rust",
      "gae": "python"
    },
    "n_envs": 8,
    "n_steps": 128,
    "n_reps": 15,
    "median_elapsed_s": 0.022314166999990448,
    "elapsed_ci_95": [
      0.022110500000053435,
      0.0224143750000394
    ],
    "sps_median": 45890.12890333026,
    "sps_ci_95": [
      45684.96779402504,
      46312.83779188735
    ],
    "times_s": [
      0.02456370799995966,
      0.022110500000053435,
      0.022342500000036125,
      0.022834375000002183,
      0.022266083999966213,
      0.022390875000041888,
      0.022314166999990448,
      0.0224143750000394,
      0.022141541999985748,
      0.02241154099999676,
      0.022040958000047794,
      0.022558415999924364,
      0.02164687499998763,
      0.02157879200001389,
      0.021446125000011307
    ]
  },
  "speedup": 0.9806215962332526,
  "speedup_ci_95": [
    0.9451142131994845,
    1.0044181500122058
  ],
  "full_rust_faster": false
}