{
  "test": "full_rust_vs_all_python",
  "full_rust": {
    "config_name": "full_rust",
    "config": {
      "env": "rust",
      "gae": "rust"
    },
    "n_envs": 8,
    "n_steps": 128,
    "n_reps": 15,
    "median_elapsed_s": 0.02142574999993485,
    "elapsed_ci_95": [
      0.02121450000004188,
      0.02158304199997474
    ],
    "sps_median": 47792.959406467155,
    "sps_ci_95": [
      47444.65585533302,
      48268.872704894224
    ],
    "times_s": [
      0.022323708000044462,
      0.02158304199997474,
      0.021418625000023894,
      0.020481124999946587,
      0.02174495899998874,
      0.02121450000004188,
      0.02142574999993485,
      0.021557041999926696,
      0.020989083000017672,
      0.021674916999927518,
      0.020820500000013453,
      0.021837042000015572,
      0.02151012499996341,
      0.021372749999954976,
      0.020216583999967952
    ]
  },
  "all_python": {
    "config_name": "all_python",
    "config": {
      "env": "python",
      "gae": "python"
    },
    "n_envs": 8,
    "n_steps": 128,
    "n_reps": 15,
    "median_elapsed_s": 0.006605292000017471,
    "elapsed_ci_95": [
      0.006597082999974191,
      0.006642208000016581
    ],
    "sps_median": 155027.21151423609,
    "sps_ci_95": [
      154165.6027630336,
      155220.1177405235
    ],
    "times_s": [
      0.006847415999914119,
      0.006446083000014369,
      0.006604584000001523,
      0.006717458000025545,
      0.006642209000006005,
      0.006642208000016581,
      0.006605292000017471,
      0.006610833000081584,
      0.006579917000067326,
      0.00660512500007826,
      0.006597082999974191,
      0.006628625000075772,
      0.006606083000065155,
      0.006593707999968501,
      0.00649720800004161
    ]
  },
  "speedup": 0.3082875511959934,
  "speedup_ci_95": [
    0.30550410827056806,
    0.31431020592794057
  ],
  "full_rust_faster": false
}