{
  "test": "ranking_consistency",
  "sps": {
    "full_rust": 47568.86954567459,
    "python_gae": 47175.00429480086,
    "python_env": 163781.63964729785,
    "all_python": 153724.52616917365
  },
  "full_rust_ge_all_partials": false,
  "partials_ge_all_python": false
}